------------- Data pour la table DEPARTEMENT-------------------

INSERT INTO DEPARTEMENT (DEPTNUM, DEPTNAME, LOC)
VALUES (10, 'ACCOUNTING', 'NEW YORK');

INSERT INTO DEPARTEMENT (DEPTNUM, DEPTNAME, LOC)
VALUES (20, 'RESEARCH', 'DALLAS');

INSERT INTO DEPARTEMENT (DEPTNUM, DEPTNAME, LOC)
VALUES (30, 'SALES', 'CHICAGO');

INSERT INTO DEPARTEMENT (DEPTNUM, DEPTNAME, LOC)
VALUES (40, 'OPERATIONS', 'BOSTON');

------------- Data pour la table EMPLOYER-------------------

/*

1) L'erreur que vous rencontrez, ORA-02291: violation de contrainte
d'intégrité (USER1.FK_EMPMGR) - clé parent introuvable, 
signifie que la valeur que vous essayez d'insérer dans la colonne EMPMGR 
(qui est une clé étrangère) ne correspond pas à une valeur existante 
dans la colonne EMPNUM de la table EMPLOYER. Cela se produit parce que 
la contrainte de clé étrangère FK_EMPMGR exige que chaque valeur dans 
EMPMGR corresponde à une valeur existante dans EMPNUM.

2) Les valeurs dans EMPMGR doivent être des références 
valides aux valeurs dans EMPNUM. 
Commencez par insérer les employés les plus haut placés dans 
la hiérarchie (par exemple, les gestionnaires et les superviseurs) dans 
la table EMPLOYER avant d'insérer les employés qui leur sont subordonnés.

*/


INSERT INTO EMPLOYER (EMPNUM, EMPNAME, EMPJOB, REQDATE, EMPSAL, EMPCOMMISSION, DEPTNUM, EMPMGR)
VALUES (7839, 'KING', 'PRESIDENT', TO_DATE('02/06/2008', 'DD/MM/YYYY'), 5000, NULL, 30, NULL);

INSERT INTO EMPLOYER (EMPNUM, EMPNAME, EMPJOB, REQDATE, EMPSAL, EMPCOMMISSION, DEPTNUM, EMPMGR)
VALUES (7698, 'BLAKE', 'MANAGER', TO_DATE('01/04/2009', 'DD/MM/YYYY'), 2850, NULL, 30, 7839);

INSERT INTO EMPLOYER (EMPNUM, EMPNAME, EMPJOB, REQDATE, EMPSAL, EMPCOMMISSION, DEPTNUM, EMPMGR)
VALUES (7566, 'JONES', 'MANAGER', TO_DATE('01/09/2008', 'DD/MM/YYYY'), 2975, NULL, 20, 7839);

INSERT INTO EMPLOYER (EMPNUM, EMPNAME, EMPJOB, REQDATE, EMPSAL, EMPCOMMISSION, DEPTNUM, EMPMGR)
VALUES (7782, 'CLARK', 'MANAGER', TO_DATE('27/09/2010', 'DD/MM/YYYY'), 2450, NULL, 40, 7566);

INSERT INTO EMPLOYER (EMPNUM, EMPNAME, EMPJOB, REQDATE, EMPSAL, EMPCOMMISSION, DEPTNUM, EMPMGR)
VALUES (7369, 'SMITH', 'CLERK', TO_DATE('17/12/2008', 'DD/MM/YYYY'), 800, NULL, 20, 7698);

INSERT INTO EMPLOYER (EMPNUM, EMPNAME, EMPJOB, REQDATE, EMPSAL, EMPCOMMISSION, DEPTNUM, EMPMGR)
VALUES (7499, 'ALLEN', 'SALESMAN', TO_DATE('20/02/2001', 'DD/MM/YYYY'), 1600, 300, 30, 7698);

INSERT INTO EMPLOYER (EMPNUM, EMPNAME, EMPJOB, REQDATE, EMPSAL, EMPCOMMISSION, DEPTNUM, EMPMGR)
VALUES (7521, 'WARD', 'SALESMAN', TO_DATE('21/02/2001', 'DD/MM/YYYY'), 1250, 500, 30, 7839);

INSERT INTO EMPLOYER (EMPNUM, EMPNAME, EMPJOB, REQDATE, EMPSAL, EMPCOMMISSION, DEPTNUM, EMPMGR)
VALUES (7844, 'TURNER', 'SALESMAN', TO_DATE('07/09/2018', 'DD/MM/YYYY'), 1500, 150, 20, 7782);

INSERT INTO EMPLOYER (EMPNUM, EMPNAME, EMPJOB, REQDATE, EMPSAL, EMPCOMMISSION, DEPTNUM, EMPMGR)
VALUES (7876, 'ADAMS', 'CLERK', TO_DATE('12/01/2013', 'DD/MM/YYYY'), 1100, NULL, 30, 7788);

INSERT INTO EMPLOYER (EMPNUM, EMPNAME, EMPJOB, REQDATE, EMPSAL, EMPCOMMISSION, DEPTNUM, EMPMGR)
VALUES (7900, 'JAMES', 'CLERK', TO_DATE('03/12/2011', 'DD/MM/YYYY'), 750, NULL, 10, 7698);

INSERT INTO EMPLOYER (EMPNUM, EMPNAME, EMPJOB, REQDATE, EMPSAL, EMPCOMMISSION, DEPTNUM, EMPMGR)
VALUES (7934, 'MILLER', 'CLERK', TO_DATE('23/01/2012', 'DD/MM/YYYY'), 1300, NULL, 10, 7566);

INSERT INTO EMPLOYER (EMPNUM, EMPNAME, EMPJOB, REQDATE, EMPSAL, EMPCOMMISSION, DEPTNUM, EMPMGR)
VALUES (7654, 'MARTIN', 'SALESMAN', TO_DATE('06/11/2011', 'DD/MM/YYYY'), 1250, 1400, 30, 7839);




------------- Data pour la table GRADE_SAL-------------------

INSERT INTO GRADE_SAL (SALGRADE, SALLOW, SALHIGH)
VALUES (1, 700, 1200);

INSERT INTO GRADE_SAL (SALGRADE, SALLOW, SALHIGH)
VALUES (2, 1201, 1400);

INSERT INTO GRADE_SAL (SALGRADE, SALLOW, SALHIGH)
VALUES (3, 1401, 2000);

INSERT INTO GRADE_SAL (SALGRADE, SALLOW, SALHIGH)
VALUES (4, 2001, 3000);

INSERT INTO GRADE_SAL (SALGRADE, SALLOW, SALHIGH)
VALUES (5, 3001, 9999);
